{
  "classes": [
    "apply_patch",
    "ask_user",
    "edit_file",
    "glob_pattern",
    "grep_search",
    "lint_or_typecheck",
    "list_directory",
    "plan_task",
    "read_file",
    "respond_only",
    "run_bash",
    "run_tests",
    "web_search",
    "write_file"
  ],
  "class_bias": [
    -0.6,
    -0.1499999999999999,
    0.0,
    -0.6499999999999999,
    -0.04999999999999982,
    0.20000000000000018,
    -0.09999999999999987,
    0.0,
    0.0,
    -1.4,
    0.30000000000000004,
    0.0,
    0.050000000000000044,
    0.0
  ],
  "oof_macro_argmax": 0.6933042264217247,
  "oof_macro_bias": 0.7000665828858993
}