{
  "classes": [
    "apply_patch",
    "ask_user",
    "edit_file",
    "glob_pattern",
    "grep_search",
    "lint_or_typecheck",
    "list_directory",
    "plan_task",
    "read_file",
    "respond_only",
    "run_bash",
    "run_tests",
    "web_search",
    "write_file"
  ],
  "class_bias": [
    -0.8999999999999999,
    -0.1499999999999999,
    0.0,
    -0.5499999999999999,
    0.15000000000000013,
    0.0,
    0.15000000000000013,
    -0.09999999999999987,
    0.050000000000000044,
    0.0,
    -0.2999999999999998,
    0.15000000000000013,
    -0.04999999999999982,
    -1.5
  ],
  "oof_macro_argmax": 0.7071292586799666,
  "oof_macro_bias": 0.7125870603680765
}